date,국내공급물가지수-생산재건설용,생산자물가지수-포틀랜드시멘트,골조
2000-01-01,54.8,68.55,52.85
2000-02-01,54.94,68.55,52.82
2000-03-01,54.8,68.55,52.86
2000-04-01,54.73,68.55,52.81
2000-05-01,54.87,68.55,52.93
2000-06-01,55.01,68.55,53.18
2000-07-01,55.23,68.55,53.27
2000-08-01,55.37,68.55,53.39
2000-09-01,55.52,68.55,53.42
2000-10-01,55.66,68.55,53.25
2000-11-01,55.73,74.53,53.25
2000-12-01,55.87,77.72,53.16
2001-01-01,56.16,75.1,52.02
2001-02-01,56.22,75.1,52.06
2001-03-01,56.65,75.1,52.41
2001-04-01,56.94,75.1,52.46
2001-05-01,57.09,75.1,52.64
2001-06-01,56.94,75.1,52.66
2001-07-01,56.65,75.1,52.64
2001-08-01,56.51,75.1,52.72
2001-09-01,56.44,75.1,52.79
2001-10-01,56.37,75.1,52.81
2001-11-01,56.37,75.1,53.09
2001-12-01,56.44,75.1,53.17
2002-01-01,56.44,75.1,53.16
2002-02-01,56.94,75.1,53.41
2002-03-01,57.16,77.63,53.87
2002-04-01,57.81,77.63,54.32
2002-05-01,57.87,78.37,54.53
2002-06-01,58.59,78.37,55.19
2002-07-01,58.52,77.63,55.47
2002-08-01,58.59,77.63,55.75
2002-09-01,58.52,79.68,55.99
2002-10-01,58.66,79.68,56.21
2002-11-01,58.59,79.68,56.43
2002-12-01,58.52,79.68,56.65
2003-01-01,59.02,79.6,57.06
2003-02-01,59.52,79.6,57.6
2003-03-01,60.53,80.34,57.94
2003-04-01,61.39,81.9,58.21
2003-05-01,61.17,81.9,58.52
2003-06-01,61.17,81.9,58.66
2003-07-01,61.11,81.9,58.5
2003-08-01,61.33,81.9,58.55
2003-09-01,61.39,81.9,58.57
2003-10-01,61.54,81.9,58.8
2003-11-01,61.88,81.9,59.23
2003-12-01,62.17,81.9,60.38
2004-01-01,63.4,81.9,61.14
2004-02-01,65.9,81.9,62.03
2004-03-01,68.12,81.9,63.8
2004-04-01,68.9,81.9,64.29
2004-05-01,70.2,81.9,64.66
2004-06-01,70.06,81.9,64.63
2004-07-01,70.06,81.9,64.52
2004-08-01,70.12,81.9,64.57
2004-09-01,70.41,81.9,64.91
2004-10-01,71.2,81.9,65.2
2004-11-01,71.63,81.9,65.37
2004-12-01,71.48,81.9,65.28
2005-01-01,71.56,81.9,65.39
2005-02-01,71.85,81.9,65.25
2005-03-01,72.06,81.9,64.96
2005-04-01,72.14,81.9,65.14
2005-05-01,71.85,81.9,65.08
2005-06-01,71.2,81.9,64.39
2005-07-01,71.42,81.9,64.23
2005-08-01,71.42,81.9,64.26
2005-09-01,71.35,81.9,64.27
2005-10-01,71.48,81.9,64.47
2005-11-01,71.63,81.9,64.36
2005-12-01,71.48,81.9,64.28
2006-01-01,71.05,81.9,64.25
2006-02-01,70.7,81.9,64.13
2006-03-01,71.05,81.9,64.19
2006-04-01,71.92,81.9,64.22
2006-05-01,73.07,81.9,64.2
2006-06-01,73.62,78.13,63.79
2006-07-01,73.36,78.13,63.86
2006-08-01,73.62,75.01,62.14
2006-09-01,73.99,72.64,62.2
2006-10-01,74.13,71,62.22
2006-11-01,73.78,70.18,62.23
2006-12-01,73.28,70.18,62.24
2007-01-01,72.85,70.59,62.29
2007-02-01,73,72.56,62.43
2007-03-01,73.56,72.56,62.66
2007-04-01,74.92,72.56,63.34
2007-05-01,75.21,73.46,63.44
2007-06-01,75.21,73.05,63.54
2007-07-01,75.27,72.64,63.69
2007-08-01,75.86,72.64,64.4
2007-09-01,76.57,73.54,65.28
2007-10-01,76.86,74.12,65.42
2007-11-01,77.14,74.12,65.7
2007-12-01,77.14,75.1,65.89
2008-01-01,77.65,75.1,66.41
2008-02-01,80.87,78.13,68.57
2008-03-01,84.24,79.44,70.03
2008-04-01,88.75,79.44,73.19
2008-05-01,92.75,79.44,75.81
2008-06-01,95.63,79.19,78.52
2008-07-01,100.07,79.19,79.87
2008-08-01,100.36,78.95,81.46
2008-09-01,101.85,78.78,81.73
2008-10-01,103.07,78.78,82.22
2008-11-01,100.64,78.78,80.83
2008-12-01,96.91,78.78,77.18
2009-01-01,95.92,81.57,76.78
2009-02-01,96.27,87.88,76.09
2009-03-01,96.56,87.8,76.04
2009-04-01,95.63,87.8,75.68
2009-05-01,94.12,87.8,75.16
2009-06-01,92.75,87.8,74.14
2009-07-01,92.97,87.8,74.13
2009-08-01,93.9,87.8,74.64
2009-09-01,94.55,87.8,75.38
2009-10-01,94.27,87.8,75.41
2009-11-01,93.9,87.8,75.38
2009-12-01,94.12,87.8,75.72
2010-01-01,94.46,87.8,76.66
2010-02-01,94.63,87.8,76.23
2010-03-01,95.62,87.8,77.09
2010-04-01,97.24,87.8,77.77
2010-05-01,98.59,87.8,79.46
2010-06-01,99.1,87.15,78.9
2010-07-01,99.11,87.15,78.89
2010-08-01,98.97,87.15,79.04
2010-09-01,99.18,87.15,79.32
2010-10-01,99.29,87.15,78.92
2010-11-01,99.48,87.15,79.88
2010-12-01,100.68,87.15,80.21
2011-01-01,101.04,82.88,80.8
2011-02-01,102.32,82.88,81.42
2011-03-01,103.7,85.5,82.13
2011-04-01,104,90.55,82.49
2011-05-01,105.15,90.55,82.71
2011-06-01,104.92,90.55,82.78
2011-07-01,105.88,90.55,83.48
2011-08-01,105.94,90.55,83.62
2011-09-01,105.95,90.55,83.66
2011-10-01,105.85,90.55,83.78
2011-11-01,105.22,90.55,83.31
2011-12-01,105.35,90.55,83.38
2012-01-01,105.37,94.21,83.48
2012-02-01,105.88,98.1,83.71
2012-03-01,106.43,100.46,84.04
2012-04-01,106.81,100.46,84.67
2012-05-01,106.44,100.46,86.31
2012-06-01,106.07,100.46,86.42
2012-07-01,105.38,100.46,86.34
2012-08-01,104.72,100.46,86.25
2012-09-01,104.68,100.46,86.07
2012-10-01,104.14,100.46,85.99
2012-11-01,103.76,100.46,85.95
2012-12-01,103.02,100.46,85.82
2013-01-01,103.26,100.46,86.18
2013-02-01,103.73,109.17,86.48
2013-03-01,103.47,109.17,86.29
2013-04-01,103.19,100.46,86.3
2013-05-01,102.13,100.46,86.07
2013-06-01,101.98,100.46,86.31
2013-07-01,101.47,100.46,86.36
2013-08-01,101.53,100.46,86.45
2013-09-01,101.27,100.46,86.49
2013-10-01,100.94,100.46,86.51
2013-11-01,100.39,100.46,85.53
2013-12-01,100.61,100.46,86.15
2014-01-01,100.37,100.46,86.12
2014-02-01,100.41,100.46,86.14
2014-03-01,101.06,102.18,86.88
2014-04-01,100.68,106.9,86.84
2014-05-01,99.88,106.9,86.52
2014-06-01,99.23,106.9,86.15
2014-07-01,99.4,102.82,86.56
2014-08-01,99.41,102.82,86.82
2014-09-01,99.35,102.82,86.96
2014-10-01,99.18,102.82,87.02
2014-11-01,99.23,102.82,87.11
2014-12-01,98.95,102.82,87
2015-01-01,98.12,102.82,86.7
2015-02-01,97.38,102.82,86.48
2015-03-01,97.3,102.82,86.35
2015-04-01,96.16,102.82,85.72
2015-05-01,95.95,102.82,85.61
2015-06-01,95.96,102.82,85.7
2015-07-01,95.84,102.82,85.66
2015-08-01,95.76,102.82,85.81
2015-09-01,95.26,102.82,85.76
2015-10-01,94.43,102.82,85.92
2015-11-01,93.9,102.82,85.99
2015-12-01,93.17,102.56,85.29
2016-01-01,91.99,102.56,84.86
2016-02-01,91.77,102.56,85
2016-03-01,92.05,102.56,85.41
2016-04-01,93.14,102.56,86.34
2016-05-01,93.7,102.56,87.36
2016-06-01,94.39,102.56,88.16
2016-07-01,94.45,102.56,88.08
2016-08-01,93.84,101.21,87.72
2016-09-01,93.68,100.78,87.87
2016-10-01,94.09,100.78,87.91
2016-11-01,95.06,100.78,88.46
2016-12-01,96.08,100.78,89.56
2017-01-01,97.86,100.78,90.36
2017-02-01,98.08,100.35,90.6
2017-03-01,98.16,100.35,90.72
2017-04-01,97.7,100.35,91.01
2017-05-01,97.41,100.35,90.85
2017-06-01,97.5,99.79,91.55
2017-07-01,97.65,99.81,91.46
2017-08-01,98.15,99.81,92.3
2017-09-01,99.28,99.81,93.26
2017-10-01,100.23,99.81,93.95
2017-11-01,100,99.81,93.66
2017-12-01,99.99,98.89,94.19
2018-01-01,100.16,98.44,94.52
2018-02-01,100.25,98.04,94.75
2018-03-01,100.28,97.73,95.16
2018-04-01,100.49,97.73,95.36
2018-05-01,100.72,97.73,95.62
2018-06-01,101.51,98.87,96.43
2018-07-01,101.62,100.71,97.17
2018-08-01,101.72,100.71,97.76
2018-09-01,101.63,100.71,98.02
2018-10-01,102.12,100.71,98.58
2018-11-01,101.95,100.71,98.57
2018-12-01,101.73,100.71,99.04
2019-01-01,101.29,100.71,98.93
2019-02-01,101.21,100.4,99.48
2019-03-01,101.53,100.24,99.78
2019-04-01,101.6,100.17,99.97
2019-05-01,101.78,100.17,100.18
2019-06-01,101.44,100.17,100.5
2019-07-01,101.28,100.17,100.54
2019-08-01,101.5,100.17,100.75
2019-09-01,100.98,100.17,100.64
2019-10-01,100.54,100.08,100.02
2019-11-01,100.03,100.08,99.62
2019-12-01,100.19,100,99.63
2020-01-01,100,100,100.14
2020-02-01,100.18,99.62,100.91
2020-03-01,99.85,99.44,100.92
2020-04-01,99.33,99.16,100.83
2020-05-01,99.38,99.16,100.7
2020-06-01,99.36,99.92,100.77
2020-07-01,99.42,99.92,100.53
2020-08-01,99.47,99.92,100.67
2020-09-01,99.51,99.92,100.7
2020-10-01,99.44,99.92,100.86
2020-11-01,100.07,99.92,101.45
2020-12-01,101.95,106.35,102.49
2021-01-01,104.02,106.35,105.45
2021-02-01,105.69,106.35,106.2
2021-03-01,108.33,106.35,107.45
2021-04-01,112.82,110,109.98
2021-05-01,116.8,110,112.7
2021-06-01,119.15,111.31,116.42
2021-07-01,121.67,112.69,117.55
2021-08-01,124.55,113.04,119.72
2021-09-01,125.68,113.04,121.26
2021-10-01,128.32,113.04,122.2
2021-11-01,129.06,113.04,123.13
2021-12-01,129.64,113.04,123.29
2022-01-01,130.44,113.04,124.8
2022-02-01,131,120.38,125.7
2022-03-01,133.54,131.22,128.32
2022-04-01,137.6,129.97,130.45
2022-05-01,139.8,129.97,131.32
2022-06-01,139.83,129.97,130.74
2022-07-01,139.7,130.22,132.16
2022-08-01,138.37,130.22,130.58
2022-09-01,138.23,134.36,131.55
2022-10-01,138.52,134.36,131.82
2022-11-01,138.39,145.3,132.25
2022-12-01,137.66,146.53,131.95
2023-01-01,138.66,153.48,132.05
2023-02-01,139.1,153.48,132.78
2023-03-01,139.59,153.48,133.14
2023-04-01,140.1,153.48,133.3
2023-05-01,140.33,153.48,133.35
2023-06-01,140.23,153.48,133.41
2023-07-01,140.04,153.48,133.29
2023-08-01,140.08,153.48,133.13
2023-09-01,139.75,153.48,133.27
2023-10-01,139.17,157.04,133.27
2023-11-01,138.67,161.31,133.04
2023-12-01,138.48,162.48,131.37
2024-01-01,139.31,162.48,131.36
2024-02-01,139.84,162.48,131.69
2024-03-01,139.92,162.48,131.69
2024-04-01,140.49,162.48,131.76
